name,district,category,description,entry_fee,best_time,activities,latitude,longitude,rating
Adilabad Fort,Adilabad,Eco,Popular fort located in Adilabad.,Free,Oct-Mar,"Sightseeing, Photography, Local Experience",16.5,77.5,4.1
Adilabad Temple,Adilabad,Cultural,Popular temple located in Adilabad.,50,Oct-Mar,"Sightseeing, Photography, Local Experience",16.52,77.52,4.3
Adilabad Lake,Adilabad,Commercial,Popular lake located in Adilabad.,50,Oct-Mar,"Sightseeing, Photography, Local Experience",16.54,77.54,4.5
Adilabad Waterfalls,Adilabad,Eco-Cultural Rural,Popular waterfalls located in Adilabad.,Free,Oct-Mar,"Sightseeing, Photography, Local Experience",16.56,77.56,4.7
Adilabad Wildlife Sanctuary,Adilabad,Eco,Popular wildlife sanctuary located in Adilabad.,50,Oct-Mar,"Sightseeing, Photography, Local Experience",16.58,77.58,4.1
Adilabad Dam,Adilabad,Cultural,Popular dam located in Adilabad.,50,Oct-Mar,"Sightseeing, Photography, Local Experience",16.6,77.6,4.3
Adilabad Eco Park,Adilabad,Commercial,Popular eco park located in Adilabad.,Free,Oct-Mar,"Sightseeing, Photography, Local Experience",16.62,77.62,4.5
Adilabad Heritage Site,Adilabad,Eco-Cultural Rural,Popular heritage site located in Adilabad.,50,Oct-Mar,"Sightseeing, Photography, Local Experience",16.64,77.64,4.7
Adilabad Museum,Adilabad,Eco,Popular museum located in Adilabad.,50,Oct-Mar,"Sightseeing, Photography, Local Experience",16.66,77.66,4.1
Adilabad Hill View Point,Adilabad,Cultural,Popular hill view point located in Adilabad.,Free,Oct-Mar,"Sightseeing, Photography, Local Experience",16.68,77.68,4.3
Adilabad Tribal Village,Adilabad,Commercial,Popular tribal village located in Adilabad.,50,Oct-Mar,"Sightseeing, Photography, Local Experience",16.7,77.7,4.5
Adilabad Handloom Cluster,Adilabad,Eco-Cultural Rural,Popular handloom cluster located in Adilabad.,50,Oct-Mar,"Sightseeing, Photography, Local Experience",16.72,77.72,4.7
Adilabad Riverfront,Adilabad,Eco,Popular riverfront located in Adilabad.,Free,Oct-Mar,"Sightseeing, Photography, Local Experience",16.74,77.74,4.1
Adilabad Forest Trails,Adilabad,Cultural,Popular forest trails located in Adilabad.,50,Oct-Mar,"Sightseeing, Photography, Local Experience",16.76,77.76,4.3
Adilabad Spiritual Center,Adilabad,Commercial,Popular spiritual center located in Adilabad.,50,Oct-Mar,"Sightseeing, Photography, Local Experience",16.78,77.78,4.5
Adilabad Archaeological Site,Adilabad,Eco-Cultural Rural,Popular archaeological site located in Adilabad.,Free,Oct-Mar,"Sightseeing, Photography, Local Experience",16.8,77.8,4.7
Adilabad Buddhist Site,Adilabad,Eco,Popular buddhist site located in Adilabad.,50,Oct-Mar,"Sightseeing, Photography, Local Experience",16.82,77.82,4.1
Adilabad Urban Park,Adilabad,Cultural,Popular urban park located in Adilabad.,50,Oct-Mar,"Sightseeing, Photography, Local Experience",16.84,77.84,4.3
Adilabad Reservoir,Adilabad,Commercial,Popular reservoir located in Adilabad.,Free,Oct-Mar,"Sightseeing, Photography, Local Experience",16.86,77.86,4.5
Adilabad Cultural Center,Adilabad,Eco-Cultural Rural,Popular cultural center located in Adilabad.,50,Oct-Mar,"Sightseeing, Photography, Local Experience",16.88,77.88,4.7
Bhadradri Kothagudem Fort,Bhadradri Kothagudem,Eco,Popular fort located in Bhadradri Kothagudem.,50,Oct-Mar,"Sightseeing, Photography, Local Experience",16.9,77.9,4.1
Bhadradri Kothagudem Temple,Bhadradri Kothagudem,Cultural,Popular temple located in Bhadradri Kothagudem.,Free,Oct-Mar,"Sightseeing, Photography, Local Experience",16.92,77.92,4.3
Bhadradri Kothagudem Lake,Bhadradri Kothagudem,Commercial,Popular lake located in Bhadradri Kothagudem.,50,Oct-Mar,"Sightseeing, Photography, Local Experience",16.94,77.94,4.5
Bhadradri Kothagudem Waterfalls,Bhadradri Kothagudem,Eco-Cultural Rural,Popular waterfalls located in Bhadradri Kothagudem.,50,Oct-Mar,"Sightseeing, Photography, Local Experience",16.96,77.96,4.7
Bhadradri Kothagudem Wildlife Sanctuary,Bhadradri Kothagudem,Eco,Popular wildlife sanctuary located in Bhadradri Kothagudem.,Free,Oct-Mar,"Sightseeing, Photography, Local Experience",16.98,77.98,4.1
Bhadradri Kothagudem Dam,Bhadradri Kothagudem,Cultural,Popular dam located in Bhadradri Kothagudem.,50,Oct-Mar,"Sightseeing, Photography, Local Experience",17,78,4.3
Bhadradri Kothagudem Eco Park,Bhadradri Kothagudem,Commercial,Popular eco park located in Bhadradri Kothagudem.,50,Oct-Mar,"Sightseeing, Photography, Local Experience",17.02,78.02,4.5
Bhadradri Kothagudem Heritage Site,Bhadradri Kothagudem,Eco-Cultural Rural,Popular heritage site located in Bhadradri Kothagudem.,Free,Oct-Mar,"Sightseeing, Photography, Local Experience",17.04,78.04,4.7
Bhadradri Kothagudem Museum,Bhadradri Kothagudem,Eco,Popular museum located in Bhadradri Kothagudem.,50,Oct-Mar,"Sightseeing, Photography, Local Experience",17.06,78.06,4.1
Bhadradri Kothagudem Hill View Point,Bhadradri Kothagudem,Cultural,Popular hill view point located in Bhadradri Kothagudem.,50,Oct-Mar,"Sightseeing, Photography, Local Experience",17.08,78.08,4.3
Bhadradri Kothagudem Tribal Village,Bhadradri Kothagudem,Commercial,Popular tribal village located in Bhadradri Kothagudem.,Free,Oct-Mar,"Sightseeing, Photography, Local Experience",17.1,78.1,4.5
Bhadradri Kothagudem Handloom Cluster,Bhadradri Kothagudem,Eco-Cultural Rural,Popular handloom cluster located in Bhadradri Kothagudem.,50,Oct-Mar,"Sightseeing, Photography, Local Experience",17.12,78.12,4.7
Bhadradri Kothagudem Riverfront,Bhadradri Kothagudem,Eco,Popular riverfront located in Bhadradri Kothagudem.,50,Oct-Mar,"Sightseeing, Photography, Local Experience",17.14,78.14,4.1
Bhadradri Kothagudem Forest Trails,Bhadradri Kothagudem,Cultural,Popular forest trails located in Bhadradri Kothagudem.,Free,Oct-Mar,"Sightseeing, Photography, Local Experience",17.16,78.16,4.3
Bhadradri Kothagudem Spiritual Center,Bhadradri Kothagudem,Commercial,Popular spiritual center located in Bhadradri Kothagudem.,50,Oct-Mar,"Sightseeing, Photography, Local Experience",17.18,78.18,4.5
Bhadradri Kothagudem Archaeological Site,Bhadradri Kothagudem,Eco-Cultural Rural,Popular archaeological site located in Bhadradri Kothagudem.,50,Oct-Mar,"Sightseeing, Photography, Local Experience",17.2,78.2,4.7
Bhadradri Kothagudem Buddhist Site,Bhadradri Kothagudem,Eco,Popular buddhist site located in Bhadradri Kothagudem.,Free,Oct-Mar,"Sightseeing, Photography, Local Experience",17.22,78.22,4.1
Bhadradri Kothagudem Urban Park,Bhadradri Kothagudem,Cultural,Popular urban park located in Bhadradri Kothagudem.,50,Oct-Mar,"Sightseeing, Photography, Local Experience",17.24,78.24,4.3
Bhadradri Kothagudem Reservoir,Bhadradri Kothagudem,Commercial,Popular reservoir located in Bhadradri Kothagudem.,50,Oct-Mar,"Sightseeing, Photography, Local Experience",17.26,78.26,4.5
Bhadradri Kothagudem Cultural Center,Bhadradri Kothagudem,Eco-Cultural Rural,Popular cultural center located in Bhadradri Kothagudem.,Free,Oct-Mar,"Sightseeing, Photography, Local Experience",17.28,78.28,4.7
Hanamkonda Fort,Hanamkonda,Eco,Popular fort located in Hanamkonda.,50,Oct-Mar,"Sightseeing, Photography, Local Experience",17.3,78.3,4.1
Hanamkonda Temple,Hanamkonda,Cultural,Popular temple located in Hanamkonda.,50,Oct-Mar,"Sightseeing, Photography, Local Experience",17.32,78.32,4.3
Hanamkonda Lake,Hanamkonda,Commercial,Popular lake located in Hanamkonda.,Free,Oct-Mar,"Sightseeing, Photography, Local Experience",17.34,78.34,4.5
Hanamkonda Waterfalls,Hanamkonda,Eco-Cultural Rural,Popular waterfalls located in Hanamkonda.,50,Oct-Mar,"Sightseeing, Photography, Local Experience",17.36,78.36,4.7
Hanamkonda Wildlife Sanctuary,Hanamkonda,Eco,Popular wildlife sanctuary located in Hanamkonda.,50,Oct-Mar,"Sightseeing, Photography, Local Experience",17.38,78.38,4.1
Hanamkonda Dam,Hanamkonda,Cultural,Popular dam located in Hanamkonda.,Free,Oct-Mar,"Sightseeing, Photography, Local Experience",17.4,78.4,4.3
Hanamkonda Eco Park,Hanamkonda,Commercial,Popular eco park located in Hanamkonda.,50,Oct-Mar,"Sightseeing, Photography, Local Experience",17.42,78.42,4.5
Hanamkonda Heritage Site,Hanamkonda,Eco-Cultural Rural,Popular heritage site located in Hanamkonda.,50,Oct-Mar,"Sightseeing, Photography, Local Experience",17.44,78.44,4.7
Hanamkonda Museum,Hanamkonda,Eco,Popular museum located in Hanamkonda.,Free,Oct-Mar,"Sightseeing, Photography, Local Experience",17.46,78.46,4.1
Hanamkonda Hill View Point,Hanamkonda,Cultural,Popular hill view point located in Hanamkonda.,50,Oct-Mar,"Sightseeing, Photography, Local Experience",17.48,78.48,4.3
Hanamkonda Tribal Village,Hanamkonda,Commercial,Popular tribal village located in Hanamkonda.,50,Oct-Mar,"Sightseeing, Photography, Local Experience",17.5,78.5,4.5
Hanamkonda Handloom Cluster,Hanamkonda,Eco-Cultural Rural,Popular handloom cluster located in Hanamkonda.,Free,Oct-Mar,"Sightseeing, Photography, Local Experience",17.52,78.52,4.7
Hanamkonda Riverfront,Hanamkonda,Eco,Popular riverfront located in Hanamkonda.,50,Oct-Mar,"Sightseeing, Photography, Local Experience",17.54,78.54,4.1
Hanamkonda Forest Trails,Hanamkonda,Cultural,Popular forest trails located in Hanamkonda.,50,Oct-Mar,"Sightseeing, Photography, Local Experience",17.56,78.56,4.3
Hanamkonda Spiritual Center,Hanamkonda,Commercial,Popular spiritual center located in Hanamkonda.,Free,Oct-Mar,"Sightseeing, Photography, Local Experience",17.58,78.58,4.5
Hanamkonda Archaeological Site,Hanamkonda,Eco-Cultural Rural,Popular archaeological site located in Hanamkonda.,50,Oct-Mar,"Sightseeing, Photography, Local Experience",17.6,78.6,4.7
Hanamkonda Buddhist Site,Hanamkonda,Eco,Popular buddhist site located in Hanamkonda.,50,Oct-Mar,"Sightseeing, Photography, Local Experience",17.62,78.62,4.1
Hanamkonda Urban Park,Hanamkonda,Cultural,Popular urban park located in Hanamkonda.,Free,Oct-Mar,"Sightseeing, Photography, Local Experience",17.64,78.64,4.3
Hanamkonda Reservoir,Hanamkonda,Commercial,Popular reservoir located in Hanamkonda.,50,Oct-Mar,"Sightseeing, Photography, Local Experience",17.66,78.66,4.5
Hanamkonda Cultural Center,Hanamkonda,Eco-Cultural Rural,Popular cultural center located in Hanamkonda.,50,Oct-Mar,"Sightseeing, Photography, Local Experience",17.68,78.68,4.7
Hyderabad Fort,Hyderabad,Eco,Popular fort located in Hyderabad.,Free,Oct-Mar,"Sightseeing, Photography, Local Experience",17.7,78.7,4.1
Hyderabad Temple,Hyderabad,Cultural,Popular temple located in Hyderabad.,50,Oct-Mar,"Sightseeing, Photography, Local Experience",17.72,78.72,4.3
Hyderabad Lake,Hyderabad,Commercial,Popular lake located in Hyderabad.,50,Oct-Mar,"Sightseeing, Photography, Local Experience",17.74,78.74,4.5
Hyderabad Waterfalls,Hyderabad,Eco-Cultural Rural,Popular waterfalls located in Hyderabad.,Free,Oct-Mar,"Sightseeing, Photography, Local Experience",17.76,78.76,4.7
Hyderabad Wildlife Sanctuary,Hyderabad,Eco,Popular wildlife sanctuary located in Hyderabad.,50,Oct-Mar,"Sightseeing, Photography, Local Experience",17.78,78.78,4.1
Hyderabad Dam,Hyderabad,Cultural,Popular dam located in Hyderabad.,50,Oct-Mar,"Sightseeing, Photography, Local Experience",17.8,78.8,4.3
Hyderabad Eco Park,Hyderabad,Commercial,Popular eco park located in Hyderabad.,Free,Oct-Mar,"Sightseeing, Photography, Local Experience",17.82,78.82,4.5
Hyderabad Heritage Site,Hyderabad,Eco-Cultural Rural,Popular heritage site located in Hyderabad.,50,Oct-Mar,"Sightseeing, Photography, Local Experience",17.84,78.84,4.7
Hyderabad Museum,Hyderabad,Eco,Popular museum located in Hyderabad.,50,Oct-Mar,"Sightseeing, Photography, Local Experience",17.86,78.86,4.1
Hyderabad Hill View Point,Hyderabad,Cultural,Popular hill view point located in Hyderabad.,Free,Oct-Mar,"Sightseeing, Photography, Local Experience",17.88,78.88,4.3
Hyderabad Tribal Village,Hyderabad,Commercial,Popular tribal village located in Hyderabad.,50,Oct-Mar,"Sightseeing, Photography, Local Experience",17.9,78.9,4.5
Hyderabad Handloom Cluster,Hyderabad,Eco-Cultural Rural,Popular handloom cluster located in Hyderabad.,50,Oct-Mar,"Sightseeing, Photography, Local Experience",17.92,78.92,4.7
Hyderabad Riverfront,Hyderabad,Eco,Popular riverfront located in Hyderabad.,Free,Oct-Mar,"Sightseeing, Photography, Local Experience",17.94,78.94,4.1
Hyderabad Forest Trails,Hyderabad,Cultural,Popular forest trails located in Hyderabad.,50,Oct-Mar,"Sightseeing, Photography, Local Experience",17.96,78.96,4.3
Hyderabad Spiritual Center,Hyderabad,Commercial,Popular spiritual center located in Hyderabad.,50,Oct-Mar,"Sightseeing, Photography, Local Experience",17.98,78.98,4.5
Hyderabad Archaeological Site,Hyderabad,Eco-Cultural Rural,Popular archaeological site located in Hyderabad.,Free,Oct-Mar,"Sightseeing, Photography, Local Experience",18,79,4.7
Hyderabad Buddhist Site,Hyderabad,Eco,Popular buddhist site located in Hyderabad.,50,Oct-Mar,"Sightseeing, Photography, Local Experience",18.02,79.02,4.1
Hyderabad Urban Park,Hyderabad,Cultural,Popular urban park located in Hyderabad.,50,Oct-Mar,"Sightseeing, Photography, Local Experience",18.04,79.04,4.3
Hyderabad Reservoir,Hyderabad,Commercial,Popular reservoir located in Hyderabad.,Free,Oct-Mar,"Sightseeing, Photography, Local Experience",18.06,79.06,4.5
Hyderabad Cultural Center,Hyderabad,Eco-Cultural Rural,Popular cultural center located in Hyderabad.,50,Oct-Mar,"Sightseeing, Photography, Local Experience",18.08,79.08,4.7
Jagtial Fort,Jagtial,Eco,Popular fort located in Jagtial.,50,Oct-Mar,"Sightseeing, Photography, Local Experience",18.1,79.1,4.1
Jagtial Temple,Jagtial,Cultural,Popular temple located in Jagtial.,Free,Oct-Mar,"Sightseeing, Photography, Local Experience",18.12,79.12,4.3
Jagtial Lake,Jagtial,Commercial,Popular lake located in Jagtial.,50,Oct-Mar,"Sightseeing, Photography, Local Experience",18.14,79.14,4.5
Jagtial Waterfalls,Jagtial,Eco-Cultural Rural,Popular waterfalls located in Jagtial.,50,Oct-Mar,"Sightseeing, Photography, Local Experience",18.16,79.16,4.7
Jagtial Wildlife Sanctuary,Jagtial,Eco,Popular wildlife sanctuary located in Jagtial.,Free,Oct-Mar,"Sightseeing, Photography, Local Experience",18.18,79.18,4.1
Jagtial Dam,Jagtial,Cultural,Popular dam located in Jagtial.,50,Oct-Mar,"Sightseeing, Photography, Local Experience",18.2,79.2,4.3
Jagtial Eco Park,Jagtial,Commercial,Popular eco park located in Jagtial.,50,Oct-Mar,"Sightseeing, Photography, Local Experience",18.22,79.22,4.5
Jagtial Heritage Site,Jagtial,Eco-Cultural Rural,Popular heritage site located in Jagtial.,Free,Oct-Mar,"Sightseeing, Photography, Local Experience",18.24,79.24,4.7
Jagtial Museum,Jagtial,Eco,Popular museum located in Jagtial.,50,Oct-Mar,"Sightseeing, Photography, Local Experience",18.26,79.26,4.1
Jagtial Hill View Point,Jagtial,Cultural,Popular hill view point located in Jagtial.,50,Oct-Mar,"Sightseeing, Photography, Local Experience",18.28,79.28,4.3
Jagtial Tribal Village,Jagtial,Commercial,Popular tribal village located in Jagtial.,Free,Oct-Mar,"Sightseeing, Photography, Local Experience",18.3,79.3,4.5
Jagtial Handloom Cluster,Jagtial,Eco-Cultural Rural,Popular handloom cluster located in Jagtial.,50,Oct-Mar,"Sightseeing, Photography, Local Experience",18.32,79.32,4.7
Jagtial Riverfront,Jagtial,Eco,Popular riverfront located in Jagtial.,50,Oct-Mar,"Sightseeing, Photography, Local Experience",18.34,79.34,4.1
Jagtial Forest Trails,Jagtial,Cultural,Popular forest trails located in Jagtial.,Free,Oct-Mar,"Sightseeing, Photography, Local Experience",18.36,79.36,4.3
Jagtial Spiritual Center,Jagtial,Commercial,Popular spiritual center located in Jagtial.,50,Oct-Mar,"Sightseeing, Photography, Local Experience",18.38,79.38,4.5
Jagtial Archaeological Site,Jagtial,Eco-Cultural Rural,Popular archaeological site located in Jagtial.,50,Oct-Mar,"Sightseeing, Photography, Local Experience",18.4,79.4,4.7
Jagtial Buddhist Site,Jagtial,Eco,Popular buddhist site located in Jagtial.,Free,Oct-Mar,"Sightseeing, Photography, Local Experience",18.42,79.42,4.1
Jagtial Urban Park,Jagtial,Cultural,Popular urban park located in Jagtial.,50,Oct-Mar,"Sightseeing, Photography, Local Experience",18.44,79.44,4.3
Jagtial Reservoir,Jagtial,Commercial,Popular reservoir located in Jagtial.,50,Oct-Mar,"Sightseeing, Photography, Local Experience",18.46,79.46,4.5
Jagtial Cultural Center,Jagtial,Eco-Cultural Rural,Popular cultural center located in Jagtial.,Free,Oct-Mar,"Sightseeing, Photography, Local Experience",18.48,79.48,4.7
Jangaon Fort,Jangaon,Eco,Popular fort located in Jangaon.,50,Oct-Mar,"Sightseeing, Photography, Local Experience",18.5,79.5,4.1
Jangaon Temple,Jangaon,Cultural,Popular temple located in Jangaon.,50,Oct-Mar,"Sightseeing, Photography, Local Experience",18.52,79.52,4.3
Jangaon Lake,Jangaon,Commercial,Popular lake located in Jangaon.,Free,Oct-Mar,"Sightseeing, Photography, Local Experience",18.54,79.54,4.5
Jangaon Waterfalls,Jangaon,Eco-Cultural Rural,Popular waterfalls located in Jangaon.,50,Oct-Mar,"Sightseeing, Photography, Local Experience",18.56,79.56,4.7
Jangaon Wildlife Sanctuary,Jangaon,Eco,Popular wildlife sanctuary located in Jangaon.,50,Oct-Mar,"Sightseeing, Photography, Local Experience",18.58,79.58,4.1
Jangaon Dam,Jangaon,Cultural,Popular dam located in Jangaon.,Free,Oct-Mar,"Sightseeing, Photography, Local Experience",18.6,79.6,4.3
Jangaon Eco Park,Jangaon,Commercial,Popular eco park located in Jangaon.,50,Oct-Mar,"Sightseeing, Photography, Local Experience",18.62,79.62,4.5
Jangaon Heritage Site,Jangaon,Eco-Cultural Rural,Popular heritage site located in Jangaon.,50,Oct-Mar,"Sightseeing, Photography, Local Experience",18.64,79.64,4.7
Jangaon Museum,Jangaon,Eco,Popular museum located in Jangaon.,Free,Oct-Mar,"Sightseeing, Photography, Local Experience",18.66,79.66,4.1
Jangaon Hill View Point,Jangaon,Cultural,Popular hill view point located in Jangaon.,50,Oct-Mar,"Sightseeing, Photography, Local Experience",18.68,79.68,4.3
Jangaon Tribal Village,Jangaon,Commercial,Popular tribal village located in Jangaon.,50,Oct-Mar,"Sightseeing, Photography, Local Experience",18.7,79.7,4.5
Jangaon Handloom Cluster,Jangaon,Eco-Cultural Rural,Popular handloom cluster located in Jangaon.,Free,Oct-Mar,"Sightseeing, Photography, Local Experience",18.72,79.72,4.7
Jangaon Riverfront,Jangaon,Eco,Popular riverfront located in Jangaon.,50,Oct-Mar,"Sightseeing, Photography, Local Experience",18.74,79.74,4.1
Jangaon Forest Trails,Jangaon,Cultural,Popular forest trails located in Jangaon.,50,Oct-Mar,"Sightseeing, Photography, Local Experience",18.76,79.76,4.3
Jangaon Spiritual Center,Jangaon,Commercial,Popular spiritual center located in Jangaon.,Free,Oct-Mar,"Sightseeing, Photography, Local Experience",18.78,79.78,4.5
Jangaon Archaeological Site,Jangaon,Eco-Cultural Rural,Popular archaeological site located in Jangaon.,50,Oct-Mar,"Sightseeing, Photography, Local Experience",18.8,79.8,4.7
Jangaon Buddhist Site,Jangaon,Eco,Popular buddhist site located in Jangaon.,50,Oct-Mar,"Sightseeing, Photography, Local Experience",18.82,79.82,4.1
Jangaon Urban Park,Jangaon,Cultural,Popular urban park located in Jangaon.,Free,Oct-Mar,"Sightseeing, Photography, Local Experience",18.84,79.84,4.3
Jangaon Reservoir,Jangaon,Commercial,Popular reservoir located in Jangaon.,50,Oct-Mar,"Sightseeing, Photography, Local Experience",18.86,79.86,4.5
Jangaon Cultural Center,Jangaon,Eco-Cultural Rural,Popular cultural center located in Jangaon.,50,Oct-Mar,"Sightseeing, Photography, Local Experience",18.88,79.88,4.7
Jayashankar Bhupalpally Fort,Jayashankar Bhupalpally,Eco,Popular fort located in Jayashankar Bhupalpally.,Free,Oct-Mar,"Sightseeing, Photography, Local Experience",18.9,79.9,4.1
Jayashankar Bhupalpally Temple,Jayashankar Bhupalpally,Cultural,Popular temple located in Jayashankar Bhupalpally.,50,Oct-Mar,"Sightseeing, Photography, Local Experience",18.92,79.92,4.3
Jayashankar Bhupalpally Lake,Jayashankar Bhupalpally,Commercial,Popular lake located in Jayashankar Bhupalpally.,50,Oct-Mar,"Sightseeing, Photography, Local Experience",18.94,79.94,4.5
Jayashankar Bhupalpally Waterfalls,Jayashankar Bhupalpally,Eco-Cultural Rural,Popular waterfalls located in Jayashankar Bhupalpally.,Free,Oct-Mar,"Sightseeing, Photography, Local Experience",18.96,79.96,4.7
Jayashankar Bhupalpally Wildlife Sanctuary,Jayashankar Bhupalpally,Eco,Popular wildlife sanctuary located in Jayashankar Bhupalpally.,50,Oct-Mar,"Sightseeing, Photography, Local Experience",18.98,79.98,4.1
Jayashankar Bhupalpally Dam,Jayashankar Bhupalpally,Cultural,Popular dam located in Jayashankar Bhupalpally.,50,Oct-Mar,"Sightseeing, Photography, Local Experience",19,80,4.3
Jayashankar Bhupalpally Eco Park,Jayashankar Bhupalpally,Commercial,Popular eco park located in Jayashankar Bhupalpally.,Free,Oct-Mar,"Sightseeing, Photography, Local Experience",19.02,80.02,4.5
Jayashankar Bhupalpally Heritage Site,Jayashankar Bhupalpally,Eco-Cultural Rural,Popular heritage site located in Jayashankar Bhupalpally.,50,Oct-Mar,"Sightseeing, Photography, Local Experience",19.04,80.04,4.7
Jayashankar Bhupalpally Museum,Jayashankar Bhupalpally,Eco,Popular museum located in Jayashankar Bhupalpally.,50,Oct-Mar,"Sightseeing, Photography, Local Experience",19.06,80.06,4.1
Jayashankar Bhupalpally Hill View Point,Jayashankar Bhupalpally,Cultural,Popular hill view point located in Jayashankar Bhupalpally.,Free,Oct-Mar,"Sightseeing, Photography, Local Experience",19.08,80.08,4.3
Jayashankar Bhupalpally Tribal Village,Jayashankar Bhupalpally,Commercial,Popular tribal village located in Jayashankar Bhupalpally.,50,Oct-Mar,"Sightseeing, Photography, Local Experience",19.1,80.1,4.5
Jayashankar Bhupalpally Handloom Cluster,Jayashankar Bhupalpally,Eco-Cultural Rural,Popular handloom cluster located in Jayashankar Bhupalpally.,50,Oct-Mar,"Sightseeing, Photography, Local Experience",19.12,80.12,4.7
Jayashankar Bhupalpally Riverfront,Jayashankar Bhupalpally,Eco,Popular riverfront located in Jayashankar Bhupalpally.,Free,Oct-Mar,"Sightseeing, Photography, Local Experience",19.14,80.14,4.1
Jayashankar Bhupalpally Forest Trails,Jayashankar Bhupalpally,Cultural,Popular forest trails located in Jayashankar Bhupalpally.,50,Oct-Mar,"Sightseeing, Photography, Local Experience",19.16,80.16,4.3
Jayashankar Bhupalpally Spiritual Center,Jayashankar Bhupalpally,Commercial,Popular spiritual center located in Jayashankar Bhupalpally.,50,Oct-Mar,"Sightseeing, Photography, Local Experience",19.18,80.18,4.5
Jayashankar Bhupalpally Archaeological Site,Jayashankar Bhupalpally,Eco-Cultural Rural,Popular archaeological site located in Jayashankar Bhupalpally.,Free,Oct-Mar,"Sightseeing, Photography, Local Experience",19.2,80.2,4.7
Jayashankar Bhupalpally Buddhist Site,Jayashankar Bhupalpally,Eco,Popular buddhist site located in Jayashankar Bhupalpally.,50,Oct-Mar,"Sightseeing, Photography, Local Experience",19.22,80.22,4.1
Jayashankar Bhupalpally Urban Park,Jayashankar Bhupalpally,Cultural,Popular urban park located in Jayashankar Bhupalpally.,50,Oct-Mar,"Sightseeing, Photography, Local Experience",19.24,80.24,4.3
Jayashankar Bhupalpally Reservoir,Jayashankar Bhupalpally,Commercial,Popular reservoir located in Jayashankar Bhupalpally.,Free,Oct-Mar,"Sightseeing, Photography, Local Experience",19.26,80.26,4.5
Jayashankar Bhupalpally Cultural Center,Jayashankar Bhupalpally,Eco-Cultural Rural,Popular cultural center located in Jayashankar Bhupalpally.,50,Oct-Mar,"Sightseeing, Photography, Local Experience",19.28,80.28,4.7
Jogulamba Gadwal Fort,Jogulamba Gadwal,Eco,Popular fort located in Jogulamba Gadwal.,50,Oct-Mar,"Sightseeing, Photography, Local Experience",19.3,80.3,4.1
Jogulamba Gadwal Temple,Jogulamba Gadwal,Cultural,Popular temple located in Jogulamba Gadwal.,Free,Oct-Mar,"Sightseeing, Photography, Local Experience",19.32,80.32,4.3
Jogulamba Gadwal Lake,Jogulamba Gadwal,Commercial,Popular lake located in Jogulamba Gadwal.,50,Oct-Mar,"Sightseeing, Photography, Local Experience",19.34,80.34,4.5
Jogulamba Gadwal Waterfalls,Jogulamba Gadwal,Eco-Cultural Rural,Popular waterfalls located in Jogulamba Gadwal.,50,Oct-Mar,"Sightseeing, Photography, Local Experience",19.36,80.36,4.7
Jogulamba Gadwal Wildlife Sanctuary,Jogulamba Gadwal,Eco,Popular wildlife sanctuary located in Jogulamba Gadwal.,Free,Oct-Mar,"Sightseeing, Photography, Local Experience",19.38,80.38,4.1
Jogulamba Gadwal Dam,Jogulamba Gadwal,Cultural,Popular dam located in Jogulamba Gadwal.,50,Oct-Mar,"Sightseeing, Photography, Local Experience",19.4,80.4,4.3
Jogulamba Gadwal Eco Park,Jogulamba Gadwal,Commercial,Popular eco park located in Jogulamba Gadwal.,50,Oct-Mar,"Sightseeing, Photography, Local Experience",19.42,80.42,4.5
Jogulamba Gadwal Heritage Site,Jogulamba Gadwal,Eco-Cultural Rural,Popular heritage site located in Jogulamba Gadwal.,Free,Oct-Mar,"Sightseeing, Photography, Local Experience",19.44,80.44,4.7
Jogulamba Gadwal Museum,Jogulamba Gadwal,Eco,Popular museum located in Jogulamba Gadwal.,50,Oct-Mar,"Sightseeing, Photography, Local Experience",19.46,80.46,4.1
Jogulamba Gadwal Hill View Point,Jogulamba Gadwal,Cultural,Popular hill view point located in Jogulamba Gadwal.,50,Oct-Mar,"Sightseeing, Photography, Local Experience",19.48,80.48,4.3
Jogulamba Gadwal Tribal Village,Jogulamba Gadwal,Commercial,Popular tribal village located in Jogulamba Gadwal.,Free,Oct-Mar,"Sightseeing, Photography, Local Experience",19.5,80.5,4.5
Jogulamba Gadwal Handloom Cluster,Jogulamba Gadwal,Eco-Cultural Rural,Popular handloom cluster located in Jogulamba Gadwal.,50,Oct-Mar,"Sightseeing, Photography, Local Experience",19.52,80.52,4.7
Jogulamba Gadwal Riverfront,Jogulamba Gadwal,Eco,Popular riverfront located in Jogulamba Gadwal.,50,Oct-Mar,"Sightseeing, Photography, Local Experience",19.54,80.54,4.1
Jogulamba Gadwal Forest Trails,Jogulamba Gadwal,Cultural,Popular forest trails located in Jogulamba Gadwal.,Free,Oct-Mar,"Sightseeing, Photography, Local Experience",19.56,80.56,4.3
Jogulamba Gadwal Spiritual Center,Jogulamba Gadwal,Commercial,Popular spiritual center located in Jogulamba Gadwal.,50,Oct-Mar,"Sightseeing, Photography, Local Experience",19.58,80.58,4.5
Jogulamba Gadwal Archaeological Site,Jogulamba Gadwal,Eco-Cultural Rural,Popular archaeological site located in Jogulamba Gadwal.,50,Oct-Mar,"Sightseeing, Photography, Local Experience",19.6,80.6,4.7
Jogulamba Gadwal Buddhist Site,Jogulamba Gadwal,Eco,Popular buddhist site located in Jogulamba Gadwal.,Free,Oct-Mar,"Sightseeing, Photography, Local Experience",19.62,80.62,4.1
Jogulamba Gadwal Urban Park,Jogulamba Gadwal,Cultural,Popular urban park located in Jogulamba Gadwal.,50,Oct-Mar,"Sightseeing, Photography, Local Experience",19.64,80.64,4.3
Jogulamba Gadwal Reservoir,Jogulamba Gadwal,Commercial,Popular reservoir located in Jogulamba Gadwal.,50,Oct-Mar,"Sightseeing, Photography, Local Experience",19.66,80.66,4.5
Jogulamba Gadwal Cultural Center,Jogulamba Gadwal,Eco-Cultural Rural,Popular cultural center located in Jogulamba Gadwal.,Free,Oct-Mar,"Sightseeing, Photography, Local Experience",19.68,80.68,4.7
